省份名,城市名,医院名,医生Url,医生ID
北京,东城,东直门医院,https://www.haodf.com/doctor/DE4r0BCkuHzduw0Cbp5tvC5s9enjZ.htm,0
北京,东城,东直门医院,https://www.haodf.com/doctor/DE4rO-XCoLUIzt8yrPeWduCBgU.htm,1
北京,东城,东直门医院,https://www.haodf.com/doctor/DE4rO-XCoLUIk8vNTaJfDy6Cbc.htm,2
北京,东城,东直门医院,https://www.haodf.com/doctor/DE4r0BCkuHzdeiOXC3Bx2XzuGO4ty.htm,3
北京,东城,东直门医院,https://www.haodf.com/doctor/DE4rO-XCoLUIk8Vlfmw7E-sSlj.htm,4
北京,东城,东直门医院,https://www.haodf.com/doctor/DE4r0BCkuHzdFg0Jr7vRDydDzVOlL.htm,5
北京,东城,东直门医院,https://www.haodf.com/doctor/DE4r0BCkuHzdeCbXL6JtvC5s9enjZ.htm,6
北京,东城,东直门医院,https://www.haodf.com/doctor/DE4rO-XCoLUIk8fWgURjIHBzPQ.htm,7
北京,东城,东直门医院,https://www.haodf.com/doctor/DE4r0eJWGqZNG0hmWZkHn3p9dwUYziWm.htm,8
北京,东城,东直门医院,https://www.haodf.com/doctor/DE4r0BCkuHzdeirIMhr4uSXys8lfo.htm,9
北京,东城,东直门医院,https://www.haodf.com/doctor/DE4r08xQdKSLBwYKIpMEBi1InoYl.htm,10
北京,东城,东直门医院,https://www.haodf.com/doctor/DE4r0BCkuHzdFgX-59SmHsBZYJwWN.htm,11
北京,东城,东直门医院,https://www.haodf.com/doctor/DE4r0BCkuHzdewUQeCBx2XzuGO4ty.htm,12
北京,东城,东直门医院,https://www.haodf.com/doctor/DE4r0BCkuHzdewpWimonLBKpXQJ1u.htm,13
北京,东城,东直门医院,https://www.haodf.com/doctor/DE4r0BCkuHzduxINhlMhoLSNZn1O5.htm,14
北京,东城,东直门医院,https://www.haodf.com/doctor/DE4r0BCkuHzdewUQViej6dZX-ciU9.htm,15
北京,东城,东直门医院,https://www.haodf.com/doctor/DE4r0Fy0C9LuwNCmYZRL2qewBFNKaEMw4.htm,16
北京,东城,东直门医院,https://www.haodf.com/doctor/DE4r0Fy0C9LuwRZkhWG63cZlXG59tZIW0.htm,17
北京,东城,东直门医院,https://www.haodf.com/doctor/DE4r0eJWGqZNwWZMColRchXILgazS1lW.htm,18
北京,东城,东直门医院,https://www.haodf.com/doctor/DE4r0BCkuHzdei1olZ1799F-37hmI.htm,19
北京,东城,东直门医院,https://www.haodf.com/doctor/DE4r08xQdKSLBvl8y8upZO0ZUs6x.htm,20
北京,东城,东直门医院,https://www.haodf.com/doctor/DE4rO-XCoLUIz4BJ1t4xLBGs4w.htm,21
北京,东城,东直门医院,https://www.haodf.com/doctor/DE4r0BCkuHzdei1ElvnWKEMSMwtPM.htm,22
北京,东城,东直门医院,https://www.haodf.com/doctor/DE4rO-XCoLUoz48yrPeWduCBgU.htm,23
北京,东城,东直门医院,https://www.haodf.com/doctor/DE4r0Fy0C9LugRTyugWQs4J1SHSYhq37w.htm,24
北京,东城,东直门医院,https://www.haodf.com/doctor/DE4rO-XCoLUIk4Fztx00uSYNw1.htm,25
北京,东城,东直门医院,https://www.haodf.com/doctor/DE4rO-XCoLUoz9fReRtJXK298J.htm,26
北京,东城,东直门医院,https://www.haodf.com/doctor/DE4rO-XCoLUa-qs8VWVmvC3uh7.htm,27
北京,东城,东直门医院,https://www.haodf.com/doctor/DE4rO-XCoLUozsej7Vg1MFyDkh.htm,28
北京,东城,东直门医院,https://www.haodf.com/doctor/DE4r0Fy0C9LuGWwERPw9InpWIyvz8Kq1V.htm,29
北京,东城,东直门医院,https://www.haodf.com/doctor/DE4rO-XCoLUozsVQ4wkiNDMHtx.htm,30
北京,东城,东直门医院,https://www.haodf.com/doctor/DE4rO-XCoLUaJ77Fh7UcoLDoWk.htm,31
北京,东城,东直门医院,https://www.haodf.com/doctor/DE4rO-XCoLUoj54SkhlkqINLVW.htm,32
北京,东城,东直门医院,https://www.haodf.com/doctor/DE4r0Fy0C9LuGNwnHuT3YhBf3o2p0zvkj.htm,33
北京,东城,东直门医院,https://www.haodf.com/doctor/DE4rO-XCoLUajccSkhlkqINLVW.htm,34
北京,东城,东直门医院,https://www.haodf.com/doctor/DE4r0BCkuHzdewnLF-Bx2XzuGO4ty.htm,35
北京,东城,东直门医院,https://www.haodf.com/doctor/DE4rO-XCoLUozsFHcTieBvzKOb.htm,36
北京,东城,东直门医院,https://www.haodf.com/doctor/DE4r0BCkuHzdeCOlhapOXKq2IWmiF.htm,37
北京,东城,东直门医院,https://www.haodf.com/doctor/DE4r0BCkuHzduCO0yU6TMFHdvkQ4C.htm,38
北京,东城,东直门医院,https://www.haodf.com/doctor/DE4r0eJWGqZNwzFGpnzGyKEpXkgLG4be.htm,39
北京,东城,东直门医院,https://www.haodf.com/doctor/DE4rO-XCoLUoz9vLPQrVFGoqUr.htm,40
北京,东城,东直门医院,https://www.haodf.com/doctor/DE4r0BCkuHzdewUQfiVkFGpEHP0h6.htm,41
北京,东城,东直门医院,https://www.haodf.com/doctor/DE4r0BCkuHzdegOMwRy8SzvH6fbnp.htm,42
北京,东城,东直门医院,https://www.haodf.com/doctor/DE4r0Fy0C9LuSYgYy73vSNMV2YMZWydg7.htm,43
北京,东城,东直门医院,https://www.haodf.com/doctor/DE4rO-XCoLUOLBgoRinOCoXXJe.htm,44
北京,东城,东直门医院,https://www.haodf.com/doctor/DE4r0BCkuHzdFg0ys7SmHsBZYJwWN.htm,45
北京,东城,东直门医院,https://www.haodf.com/doctor/DE4r0BCkuHzdewUQvxuJs56FCrgRH.htm,46
北京,东城,东直门医院,https://www.haodf.com/doctor/DE4rO-XCoLUaJq78VWVmvC3uh7.htm,47
北京,东城,东直门医院,https://www.haodf.com/doctor/DE4r0BCkuHzdFg0h3bceCoEzBhPT2.htm,48
北京,东城,东直门医院,https://www.haodf.com/doctor/DE4rO-XCoLUoz7dxaOQhHsdycT.htm,49
北京,东城,东直门医院,https://www.haodf.com/doctor/DE4r0BCkuHzdeCbYz7ZaNDNGERReY.htm,50
北京,东城,东直门医院,https://www.haodf.com/doctor/DE4rO-XCoLUoz74G0lPR5qqdfm.htm,51
北京,东城,东直门医院,https://www.haodf.com/doctor/DE4r0BCkuHzdex1IMDI0-22oNxVxB.htm,52
北京,东城,东直门医院,https://www.haodf.com/doctor/DE4r0eJWGqZNgzVJ33qcbeZs9VRuHhQJ.htm,53
北京,东城,东直门医院,https://www.haodf.com/doctor/DE4r0BCkuHzdFg0-99wOXKq2IWmiF.htm,54
北京,东城,东直门医院,https://www.haodf.com/doctor/DE4r0BCkuHzdFg0-9sgnLBKpXQJ1u.htm,55
北京,东城,东直门医院,https://www.haodf.com/doctor/DE4rO-XCoLUoz76hm0TUy35vjf.htm,56
北京,东城,东直门医院,https://www.haodf.com/doctor/DE4rO-XCoLUIkdeLPQrVFGoqUr.htm,57
北京,东城,东直门医院,https://www.haodf.com/doctor/DE4r0eJWGqZNZRVQevQhH-2dvRhXMk1f.htm,58
北京,东城,东直门医院,https://www.haodf.com/doctor/DE4r0BCkuHzdewUQf-vRDydDzVOlL.htm,59
北京,东城,东直门医院,https://www.haodf.com/doctor/DE4r0BCkuHzdeiqElfnWKEMSMwtPM.htm,60
北京,东城,东直门医院,https://www.haodf.com/doctor/DE4rO-XCoLUoz4PHcTieBvzKOb.htm,61
北京,东城,东直门医院,https://www.haodf.com/doctor/DE4r0Fy0C9LuGWCaIj5whrviZLC3b3s8R.htm,62
北京,东城,东直门医院,https://www.haodf.com/doctor/DE4rO-XCoLUOz8SEJefaGY-Fi8.htm,63
北京,东城,东直门医院,https://www.haodf.com/doctor/DE4r0BCkuHzdeirIYgr4uSXys8lfo.htm,64
北京,东城,东直门医院,https://www.haodf.com/doctor/DE4rO-XCoLUIz48-bc1P6dS2aO.htm,65
北京,东城,东直门医院,https://www.haodf.com/doctor/DE4rO-XCoLUa-7tTQgjgKEL-rP.htm,66
北京,东城,东直门医院,https://www.haodf.com/doctor/DE4r0eJWGqZNwWZMxnMJp73vy8xIEOiT.htm,67
北京,东城,东直门医院,https://www.haodf.com/doctor/DE4rO-XCoLUIktDNTaJfDy6Cbc.htm,68
北京,东城,东直门医院,https://www.haodf.com/doctor/DE4r0BCkuHzduCoMhmmRDydDzVOlL.htm,69
北京,东城,东直门医院,https://www.haodf.com/doctor/DE4r0eJWGqZNSlgjfGUsa3p9dwUYziWm.htm,70
北京,东城,东直门医院,https://www.haodf.com/doctor/DE4r08xQdKSLuSXhaUNoD0ioO33P.htm,71
北京,东城,东直门医院,https://www.haodf.com/doctor/DE4rO-XCoLUIk6PHcTieBvzKOb.htm,72
北京,东城,东直门医院,https://www.haodf.com/doctor/DE4rO-XCoLUoHteztx00uSYNw1.htm,73
北京,东城,东直门医院,https://www.haodf.com/doctor/DE4r0BCkuHzduGXHdulx2XzuGO4ty.htm,74
北京,东城,东直门医院,https://www.haodf.com/doctor/DE4rO-XCoLUaHc6G0lPR5qqdfm.htm,75
北京,东城,东直门医院,https://www.haodf.com/doctor/DE4rO-XCoLUOLBfEJefaGY-Fi8.htm,76
北京,东城,东直门医院,https://www.haodf.com/doctor/DE4rO-XCoLUozstxaOQhHsdycT.htm,77
北京,东城,东直门医院,https://www.haodf.com/doctor/DE4rO-XCoLUozs6Knnx8s59Gnn.htm,78
北京,东城,东直门医院,https://www.haodf.com/doctor/DE4r0BCkuHzdeKqNycflZMGILTrbd.htm,79
北京,东城,东直门医院,https://www.haodf.com/doctor/DE4rO-XCoLUIk8gmi88QpNK6eR.htm,80
北京,东城,东直门医院,https://www.haodf.com/doctor/DE4r0Fy0C9LuGXybr124onbn52sdVLS0n.htm,81
北京,东城,东直门医院,https://www.haodf.com/doctor/DE4rO-XCoLUaH9tKnnx8s59Gnn.htm,82
北京,东城,东直门医院,https://www.haodf.com/doctor/DE4rO-XCoLUoj5tZljbt3pIpm0.htm,83
北京,东城,东直门医院,https://www.haodf.com/doctor/DE4r0BCkuHzdeKUMxaUUIHuKomU0X.htm,84
北京,东城,东直门医院,https://www.haodf.com/doctor/DE4r0eJWGqZNKNwWJ5qvTpNNZanyuW8l.htm,85
北京,东城,东直门医院,https://www.haodf.com/doctor/DE4rO-XCoLUoz9Fztx00uSYNw1.htm,86
北京,东城,东直门医院,https://www.haodf.com/doctor/DE4r0Fy0C9LuZXhn0GE0vlReozGolC54J.htm,87
北京,东城,东直门医院,https://www.haodf.com/doctor/DE4r0Fy0C9LuwX-oaHeYeh8V2YMZWydg7.htm,88
北京,东城,东直门医院,https://www.haodf.com/doctor/DE4rO-XCoLUoz9Pj7Vg1MFyDkh.htm,89
北京,东城,东直门医院,https://www.haodf.com/doctor/DE4rO-XCoLUOLBGU0lPR5qqdfm.htm,90
北京,东城,东直门医院,https://www.haodf.com/doctor/DE4rO-XCoLUoz9eQ4wkiNDMHtx.htm,91
北京,东城,东直门医院,https://www.haodf.com/doctor/DE4r0BCkuHzdFg0y7sSmHsBZYJwWN.htm,92
北京,东城,东直门医院,https://www.haodf.com/doctor/DE4rO-XCoLUaHcu-bc1P6dS2aO.htm,93
北京,东城,东直门医院,https://www.haodf.com/doctor/DE4r0Fy0C9LuwRZLfyejoI1OdBHBTXzVa.htm,94
北京,东城,东直门医院,https://www.haodf.com/doctor/DE4r0BCkuHzduTWT0xdwE-9BS0ak-.htm,95
北京,东城,东直门医院,https://www.haodf.com/doctor/DE4r0eJWGqZNKMhEL8T1zHsGElip2trg.htm,96
北京,东城,东直门医院,https://www.haodf.com/doctor/DE4r0Fy0C9LuwXCpaz8lcuWg66K2nYytQ.htm,97
北京,东城,东直门医院,https://www.haodf.com/doctor/DE4r0BCkuHzdewUQvCej6dZX-ciU9.htm,98
北京,东城,东直门医院,https://www.haodf.com/doctor/DE4r0BCkuHzdewUQviFQBvLvytk8z.htm,99
北京,东城,东直门医院,https://www.haodf.com/doctor/DE4rO-XCoLUaHcBCObWl99uMTa.htm,100
北京,东城,东直门医院,https://www.haodf.com/doctor/DE4rO-XCoLUoz9ByrPeWduCBgU.htm,101
北京,东城,东直门医院,https://www.haodf.com/doctor/DE4rO-XCoLUozsdCObWl99uMTa.htm,102
北京,丰台,北京中医药大学东方医院,https://www.haodf.com/doctor/DE4rO-XCoLUaj9u-bc1P6dS2aO.htm,103
北京,丰台,北京中医药大学东方医院,https://www.haodf.com/doctor/DE4rO-XCoLUa-2b51t4xLBGs4w.htm,104
北京,丰台,北京中医药大学东方医院,https://www.haodf.com/doctor/DE4r0Fy0C9LuwRw0Cqq4oO51SHSYhq37w.htm,105
北京,丰台,北京中医药大学东方医院,https://www.haodf.com/doctor/DE4rO-XCoLUa-79vi88QpNK6eR.htm,106
北京,丰台,北京中医药大学东方医院,https://www.haodf.com/doctor/DE4r0BCkuHzduCqXMVNi3poYKbews.htm,107
北京,丰台,北京中医药大学东方医院,https://www.haodf.com/doctor/DE4r0BCkuHzdeKnlfRC799F-37hmI.htm,108
北京,丰台,北京中医药大学东方医院,https://www.haodf.com/doctor/DE4rO-XCoLUoQtFLPQrVFGoqUr.htm,109
北京,丰台,北京中医药大学东方医院,https://www.haodf.com/doctor/DE4r0BCkuHzdex2lhEOaNDNGERReY.htm,110
北京,丰台,北京中医药大学东方医院,https://www.haodf.com/doctor/DE4r0BCkuHzdex2lhob1qIYC2U8VE.htm,111
北京,丰台,北京中医药大学东方医院,https://www.haodf.com/doctor/DE4r0eJWGqZNKWKoNDLjqduYK1csFmfb.htm,112
北京,丰台,北京中医药大学东方医院,https://www.haodf.com/doctor/DE4rO-XCoLUoQtVReRtJXK298J.htm,113
北京,丰台,北京中医药大学东方医院,https://www.haodf.com/doctor/DE4rO-XCoLUa-15deRtJXK298J.htm,114
北京,丰台,北京中医药大学东方医院,https://www.haodf.com/doctor/DE4r0Fy0C9LuglTQfjtZQDIQH5Fy7BKbP.htm,115
北京,丰台,北京中医药大学东方医院,https://www.haodf.com/doctor/DE4r0eJWGqZNDytPhXRiWXKBSmlvNl4j.htm,116
北京,丰台,北京中医药大学东方医院,https://www.haodf.com/doctor/DE4r0BCkuHzdehbNi3tgYZIMDlWg3.htm,117
北京,丰台,北京中医药大学东方医院,https://www.haodf.com/doctor/DE4rO-XCoLU0jpppWkcw-2p57V.htm,118
北京,丰台,北京中医药大学东方医院,https://www.haodf.com/doctor/DE4r0BCkuHzdex2WipceCoEzBhPT2.htm,119
北京,丰台,北京中医药大学东方医院,https://www.haodf.com/doctor/DE4r0Fy0C9LuSMgLfL8z15Dj-p35r6Dll.htm,120
北京,丰台,北京中医药大学东方医院,https://www.haodf.com/doctor/DE4r0BCkuHzdex2WCr8hoLSNZn1O5.htm,121
北京,丰台,北京中医药大学东方医院,https://www.haodf.com/doctor/DE4r0eJWGqZNDytPCpWXFnyZYjeZpcO4.htm,122
北京,丰台,北京中医药大学东方医院,https://www.haodf.com/doctor/DE4rO-XCoLUa-r3deRtJXK298J.htm,123
北京,丰台,北京中医药大学东方医院,https://www.haodf.com/doctor/DE4rO-XCoLUaj44G0lPR5qqdfm.htm,124
北京,丰台,北京中医药大学东方医院,https://www.haodf.com/doctor/DE4rO-XCoLUoQ6Dlfmw7E-sSlj.htm,125
北京,丰台,北京中医药大学东方医院,https://www.haodf.com/doctor/DE4rO-XCoLUE-OaIQgjgKEL-rP.htm,126
北京,丰台,北京中医药大学东方医院,https://www.haodf.com/doctor/DE4r0BCkuHzduCqXMFlx2XzuGO4ty.htm,127
北京,丰台,北京中医药大学东方医院,https://www.haodf.com/doctor/DE4r0BCkuHzdehbNxpr4uSXys8lfo.htm,128
北京,丰台,北京中医药大学东方医院,https://www.haodf.com/doctor/DE4r0eJWGqZNhmy74BSICFG6uJ8FLja7.htm,129
北京,丰台,北京中医药大学东方医院,https://www.haodf.com/doctor/DE4r0BCkuHzduSWhIzicdu-554j7S.htm,130
北京,丰台,北京中医药大学东方医院,https://www.haodf.com/doctor/DE4r0BCkuHzdex2lhp1799F-37hmI.htm,131
北京,丰台,北京中医药大学东方医院,https://www.haodf.com/doctor/DE4r0Fy0C9LugLDyeGYYvLCOdBHBTXzVa.htm,132
北京,丰台,北京中医药大学东方医院,https://www.haodf.com/doctor/DE4rO-XCoLUa-55PTaJfDy6Cbc.htm,133
北京,丰台,北京中医药大学东方医院,https://www.haodf.com/doctor/DE4r0Fy0C9LuGMgYhaNN8D2mqEELeHuif.htm,134
北京,丰台,北京中医药大学东方医院,https://www.haodf.com/doctor/DE4r0BCkuHzdehEJPfI0-22oNxVxB.htm,135
北京,丰台,北京中医药大学东方医院,https://www.haodf.com/doctor/DE4r0BCkuHzdex2lhOqr5q33q1fJD.htm,136
北京,丰台,北京中医药大学东方医院,https://www.haodf.com/doctor/DE4r0eJWGqZNZRSkeiqP7KEpXkgLG4be.htm,137
北京,丰台,北京中医药大学东方医院,https://www.haodf.com/doctor/DE4r0BCkuHzdeKnlDjwOXKq2IWmiF.htm,138
北京,丰台,北京中医药大学东方医院,https://www.haodf.com/doctor/DE4r0BCkuHzdeKnlDHGUIHuKomU0X.htm,139
北京,丰台,北京中医药大学东方医院,https://www.haodf.com/doctor/DE4r0Fy0C9LugYZRgEJueHhmqEELeHuif.htm,140
北京,丰台,北京中医药大学东方医院,https://www.haodf.com/doctor/DE4r0Fy0C9LuSlfQdS0W4VakLd-scFHPW.htm,141
北京,丰台,北京中医药大学东方医院,https://www.haodf.com/doctor/DE4r0BCkuHzdeKnlDyZaNDNGERReY.htm,142
北京,丰台,北京中医药大学东方医院,https://www.haodf.com/doctor/DE4rO-XCoLUoj9tKnnx8s59Gnn.htm,143
北京,丰台,北京中医药大学东方医院,https://www.haodf.com/doctor/DE4rO-XCoLUIz96Knnx8s59Gnn.htm,144
北京,丰台,北京中医药大学东方医院,https://www.haodf.com/doctor/DE4rO-XCoLUaj4tKnnx8s59Gnn.htm,145
北京,丰台,北京中医药大学东方医院,https://www.haodf.com/doctor/DE4rO-XCoLUa-22rbc1P6dS2aO.htm,146
北京,丰台,北京中医药大学东方医院,https://www.haodf.com/doctor/DE4rO-XCoLUIL8gEJefaGY-Fi8.htm,147
北京,丰台,北京中医药大学东方医院,https://www.haodf.com/doctor/DE4r0Fy0C9LuwMwYCUppQDoRNvXH4DNxe.htm,148
北京,丰台,北京中医药大学东方医院,https://www.haodf.com/doctor/DE4r0Fy0C9LuwRGRSYh676iUuDINgIYJg.htm,149
北京,丰台,北京中医药大学东方医院,https://www.haodf.com/doctor/DE4r0BCkuHzduCqXMeMhoLSNZn1O5.htm,150
北京,丰台,北京中医药大学东方医院,https://www.haodf.com/doctor/DE4r0BCkuHzdeZ0h1278SzvH6fbnp.htm,151
北京,丰台,北京中医药大学东方医院,https://www.haodf.com/doctor/DE4r0BCkuHzdeKnlDlJtvC5s9enjZ.htm,152
北京,丰台,北京中医药大学东方医院,https://www.haodf.com/doctor/DE4rO-XCoLUIz9VQ4wkiNDMHtx.htm,153
北京,丰台,北京中医药大学东方医院,https://www.haodf.com/doctor/DE4rO-XCoLUa-7cVx47TZMZ31t.htm,154
北京,丰台,北京中医药大学东方医院,https://www.haodf.com/doctor/DE4rO-XCoLUa-75ugURjIHBzPQ.htm,155
北京,丰台,北京中医药大学东方医院,https://www.haodf.com/doctor/DE4r0BCkuHzdehbN-O78SzvH6fbnp.htm,156
北京,丰台,北京中医药大学东方医院,https://www.haodf.com/doctor/DE4rO-XCoLUa-114tx00uSYNw1.htm,157
北京,丰台,北京中医药大学东方医院,https://www.haodf.com/doctor/DE4rO-XCoLUa-r1tPQrVFGoqUr.htm,158
北京,丰台,北京中医药大学东方医院,https://www.haodf.com/doctor/DE4rO-XCoLUa-b251t4xLBGs4w.htm,159
北京,丰台,北京中医药大学东方医院,https://www.haodf.com/doctor/DE4r0Fy0C9LuwRGRSXKu4fOlXG59tZIW0.htm,160
北京,丰台,北京中医药大学东方医院,https://www.haodf.com/doctor/DE4r0eJWGqZNDytPKUYEfpNNZanyuW8l.htm,161
北京,丰台,北京中医药大学东方医院,https://www.haodf.com/doctor/DE4r0Fy0C9LuSlgWZm-FVNQ4z9ZEju-cx.htm,162
北京,丰台,北京中医药大学东方医院,https://www.haodf.com/doctor/DE4rO-XCoLUILBVWgURjIHBzPQ.htm,163
北京,丰台,北京中医药大学东方医院,https://www.haodf.com/doctor/DE4r0Fy0C9LuSRTJdfLSjPLPECdSRGpar.htm,164
北京,丰台,北京中医药大学东方医院,https://www.haodf.com/doctor/DE4rO-XCoLUILBvYw1mnSzFYx4.htm,165
北京,丰台,北京中医药大学东方医院,https://www.haodf.com/doctor/DE4rO-XCoLUOLPG2m0TUy35vjf.htm,166
北京,朝阳,北京中医药大学第三附属医院,https://www.haodf.com/doctor/DE4r0BCkuHzdeZOMDHwOXKq2IWmiF.htm,167
北京,朝阳,北京中医药大学第三附属医院,https://www.haodf.com/doctor/DE4r0BCkuHzdego-4PkTMFHdvkQ4C.htm,168
北京,朝阳,北京中医药大学第三附属医院,https://www.haodf.com/doctor/DE4r0BCkuHzdego-6tHeCoEzBhPT2.htm,169
北京,朝阳,北京中医药大学第三附属医院,https://www.haodf.com/doctor/DE4r0Fy0C9LuSzvCsbqBsVXxD-uCU22Ut.htm,170
北京,朝阳,北京中医药大学第三附属医院,https://www.haodf.com/doctor/DE4r0BCkuHzdego-4Bzfz6DLFjxaq.htm,171
北京,东城,北京中医医院,https://www.haodf.com/doctor/DE4r0Fy0C9LuhnJs4uG1nMztMuLDQvLT1.htm,172
北京,东城,北京中医医院,https://www.haodf.com/doctor/DE4r0eJWGqZNKMhXj9BQO6dzBx736JmU.htm,173
北京,东城,北京中医医院,https://www.haodf.com/doctor/DE4rO-XCoLUoz9d-bc1P6dS2aO.htm,174
北京,东城,北京中医医院,https://www.haodf.com/doctor/DE4r0Fy0C9LuhnJs4uGsIaOlXG59tZIW0.htm,175
北京,东城,北京中医医院,https://www.haodf.com/doctor/DE4rO-XCoLUoy4eyrPeWduCBgU.htm,176
北京,东城,北京中医医院,https://www.haodf.com/doctor/DE4rO-XCoLUaLBv0h7UcoLDoWk.htm,177
北京,东城,北京中医医院,https://www.haodf.com/doctor/DE4r08xQdKSLeD0Son-CyPwMiuK4.htm,178
北京,东城,北京中医医院,https://www.haodf.com/doctor/DE4rO-XCoLUoJc8hm0TUy35vjf.htm,179
北京,东城,北京中医医院,https://www.haodf.com/doctor/DE4r0eJWGqZNwzVy4tSpHZMLFQf-dQU8.htm,180
北京,东城,北京中医医院,https://www.haodf.com/doctor/DE4r0BCkuHzduhpQVJVkFGpEHP0h6.htm,181
北京,东城,北京中医医院,https://www.haodf.com/doctor/DE4rO-XCoLUoH6Vk8JOrYZEIRi.htm,182
北京,东城,北京中医医院,https://www.haodf.com/doctor/DE4rO-XCoLUoy46hm0TUy35vjf.htm,183
北京,东城,北京中医医院,https://www.haodf.com/doctor/DE4rO-XCoLUoy77vi88QpNK6eR.htm,184
北京,东城,北京中医医院,https://www.haodf.com/doctor/DE4rO-XCoLUoJcBKnnx8s59Gnn.htm,185
北京,东城,北京中医医院,https://www.haodf.com/doctor/DE4r0eJWGqZNwlw0y73DVpNNZanyuW8l.htm,186
北京,东城,北京中医医院,https://www.haodf.com/doctor/DE4r0eJWGqZNDy66SYSbzQ9C2br23VVO.htm,187
北京,东城,北京中医医院,https://www.haodf.com/doctor/DE4r0Fy0C9LugLfH4FjfFMQ4z9ZEju-cx.htm,188
北京,东城,北京中医医院,https://www.haodf.com/doctor/DE4r0BCkuHzdeCqXL6y8SzvH6fbnp.htm,189
北京,东城,北京中医医院,https://www.haodf.com/doctor/DE4rO-XCoLUoHcuJ1t4xLBGs4w.htm,190
北京,东城,北京中医医院,https://www.haodf.com/doctor/DE4r0Fy0C9LugNhmzstiIRLPECdSRGpar.htm,191
北京,东城,北京中医医院,https://www.haodf.com/doctor/DE4r0BCkuHzduhpQfCFQBvLvytk8z.htm,192
北京,东城,北京中医医院,https://www.haodf.com/doctor/DE4r0BCkuHzdewpQvHDWKEMSMwtPM.htm,193
北京,东城,北京中医医院,https://www.haodf.com/doctor/DE4rO-XCoLUojtByrPeWduCBgU.htm,194
北京,东城,北京中医医院,https://www.haodf.com/doctor/DE4r0eJWGqZNwNSWxmjwHKEpXkgLG4be.htm,195
北京,东城,北京中医医院,https://www.haodf.com/doctor/DE4r0Fy0C9LuwRhNKpNlux8V2YMZWydg7.htm,196
北京,东城,北京中医医院,https://www.haodf.com/doctor/DE4rO-XCoLUIzdflfmw7E-sSlj.htm,197
北京,东城,北京中医医院,https://www.haodf.com/doctor/DE4rO-XCoLUoyr9fJefaGY-Fi8.htm,198
北京,东城,北京中医医院,https://www.haodf.com/doctor/DE4rO-XCoLUoH48-bc1P6dS2aO.htm,199
北京,东城,北京中医医院,https://www.haodf.com/doctor/DE4rO-XCoLUIk5uiUrabz6vEQg.htm,200
北京,东城,北京中医医院,https://www.haodf.com/doctor/DE4r0BCkuHzduhpQVxPi3poYKbews.htm,201
北京,东城,北京中医医院,https://www.haodf.com/doctor/DE4rO-XCoLUaJrrBfmw7E-sSlj.htm,202
北京,东城,北京中医医院,https://www.haodf.com/doctor/DE4rO-XCoLUoy56SkhlkqINLVW.htm,203
北京,东城,北京中医医院,https://www.haodf.com/doctor/DE4r0Fy0C9LuSQSx9s6hzDbn52sdVLS0n.htm,204
北京,东城,北京中医医院,https://www.haodf.com/doctor/DE4rO-XCoLUaJr7ugURjIHBzPQ.htm,205
北京,东城,北京中医医院,https://www.haodf.com/doctor/DE4r0eJWGqZNDy6tgkfIKBvoNi46Z7n1.htm,206
北京,东城,北京中医医院,https://www.haodf.com/doctor/DE4rO-XCoLUoJ99gRinOCoXXJe.htm,207
北京,东城,北京中医医院,https://www.haodf.com/doctor/DE4rO-XCoLUoj3tSkhlkqINLVW.htm,208
北京,东城,北京中医医院,https://www.haodf.com/doctor/DE4r0Fy0C9LuSzvxrr5d9TpWIyvz8Kq1V.htm,209
北京,东城,北京中医医院,https://www.haodf.com/doctor/DE4r0Fy0C9LuSkgRuxoqmjG0pMy6P-9em.htm,210
北京,东城,北京中医医院,https://www.haodf.com/doctor/DE4r0BCkuHzduK2MC2r4uSXys8lfo.htm,211
北京,东城,北京中医医院,https://www.haodf.com/doctor/DE4rO-XCoLUojrsvi88QpNK6eR.htm,212
北京,东城,北京中医医院,https://www.haodf.com/doctor/DE4r0eJWGqZNwRhYxomXfpNNZanyuW8l.htm,213
北京,东城,北京中医医院,https://www.haodf.com/doctor/DE4rO-XCoLUoQ79Zljbt3pIpm0.htm,214
北京,东城,北京中医医院,https://www.haodf.com/doctor/DE4rO-XCoLUoQ5dhm0TUy35vjf.htm,215
北京,东城,北京中医医院,https://www.haodf.com/doctor/DE4rO-XCoLUoQ5uiUrabz6vEQg.htm,216
北京,东城,北京中医医院,https://www.haodf.com/doctor/DE4r0BCkuHzdeSYiqo1799F-37hmI.htm,217
北京,东城,北京中医医院,https://www.haodf.com/doctor/DE4rO-XCoLUoyr4Djfh42XHZ0l.htm,218
北京,东城,北京中医医院,https://www.haodf.com/doctor/DE4r08xQdKSLeD0SaECGGbOLh9BQ.htm,219
北京,东城,北京中医医院,https://www.haodf.com/doctor/DE4rO-XCoLUIk56wWkcw-2p57V.htm,220
北京,东城,北京中医医院,https://www.haodf.com/doctor/DE4r0BCkuHzdewpHvJFQBvLvytk8z.htm,221
北京,东城,北京中医医院,https://www.haodf.com/doctor/DE4r0Fy0C9LuSlDLv-3e8iFhFZqqOoERk.htm,222
北京,东城,北京中医医院,https://www.haodf.com/doctor/DE4r08xQdKSLeD0wnn-CyPwMiuK4.htm,223
北京,东城,北京中医医院,https://www.haodf.com/doctor/DE4rO-XCoLUoQ5cSkhlkqINLVW.htm,224
北京,东城,北京中医医院,https://www.haodf.com/doctor/DE4rO-XCoLUoHdTWgURjIHBzPQ.htm,225
北京,东城,北京中医医院,https://www.haodf.com/doctor/DE4rO-XCoLUoHdvMVWVmvC3uh7.htm,226
北京,东城,北京中医医院,https://www.haodf.com/doctor/DE4rO-XCoLUoQs6hm0TUy35vjf.htm,227
北京,东城,北京中医医院,https://www.haodf.com/doctor/DE4r0BCkuHzdFgXxcsDWKEMSMwtPM.htm,228
北京,东城,北京中医医院,https://www.haodf.com/doctor/DE4r0Fy0C9LuGMKERFJVfkJ1SHSYhq37w.htm,229
北京,东城,北京中医医院,https://www.haodf.com/doctor/DE4r0Fy0C9LuSMgNDNZrmywWIyvz8Kq1V.htm,230
北京,东城,北京中医医院,https://www.haodf.com/doctor/DE4r0BCkuHzdewpQfHT0-22oNxVxB.htm,231
北京,东城,北京中医医院,https://www.haodf.com/doctor/DE4rO-XCoLU0i2nmi88QpNK6eR.htm,232
北京,东城,北京中医医院,https://www.haodf.com/doctor/DE4r08xQdKSLFZEQB-pF9fQsVXyf.htm,233
北京,东城,北京中医医院,https://www.haodf.com/doctor/DE4r08xQdKSLFZEQdCI6Imj3t-5V.htm,234
北京,东城,北京中医医院,https://www.haodf.com/doctor/DE4r08xQdKSLeD0wOOLYsexE0YC8.htm,235
北京,东城,北京中医医院,https://www.haodf.com/doctor/DE4r0Fy0C9LuwNCmYDMk22tPECdSRGpar.htm,236
北京,东城,北京中医医院,https://www.haodf.com/doctor/DE4rO-XCoLUoHtvReRtJXK298J.htm,237
北京,东城,北京中医医院,https://www.haodf.com/doctor/DE4r0Fy0C9LuwLKR-a0XFJgRNvXH4DNxe.htm,238
北京,东城,北京中医医院,https://www.haodf.com/doctor/DE4r0eJWGqZNwWwMhIYQ2PD2I0kdK8ci.htm,239
北京,东城,北京中医医院,https://www.haodf.com/doctor/DE4rO-XCoLUoQ8eReRtJXK298J.htm,240
北京,东城,北京中医医院,https://www.haodf.com/doctor/DE4rO-XCoLUIz9B-bc1P6dS2aO.htm,241
北京,东城,北京中医医院,https://www.haodf.com/doctor/DE4rO-XCoLUoy9PiUrabz6vEQg.htm,242
北京,东城,北京中医医院,https://www.haodf.com/doctor/DE4rO-XCoLUoHtfMVWVmvC3uh7.htm,243
北京,东城,北京中医医院,https://www.haodf.com/doctor/DE4r0eJWGqZNKYJoXytwHip9dwUYziWm.htm,244
北京,东城,北京中医医院,https://www.haodf.com/doctor/DE4r0BCkuHzdeGpYiIb1qIYC2U8VE.htm,245
北京,东城,北京中医医院,https://www.haodf.com/doctor/DE4r0eJWGqZNDyt8CnMHO99C2br23VVO.htm,246
北京,东城,北京中医医院,https://www.haodf.com/doctor/DE4r0Fy0C9LugMfJBvjTxbPTs3BGmMGOc.htm,247
北京,东城,北京中医医院,https://www.haodf.com/doctor/DE4r0BCkuHzdexpNxI2bpNCqpa7rv.htm,248
北京,东城,北京中医医院,https://www.haodf.com/doctor/DE4r0eJWGqZNDy66SNw7WnyZYjeZpcO4.htm,249
北京,东城,北京中医医院,https://www.haodf.com/doctor/DE4rO-XCoLUoHceyrPeWduCBgU.htm,250
北京,东城,北京中医医院,https://www.haodf.com/doctor/DE4r0BCkuHzdewpzvjDWKEMSMwtPM.htm,251
北京,东城,北京中医医院,https://www.haodf.com/doctor/DE4rO-XCoLUIz4tCObWl99uMTa.htm,252
北京,东城,北京中医医院,https://www.haodf.com/doctor/DE4r0BCkuHzduTWTmhdwE-9BS0ak-.htm,253
北京,东城,北京中医医院,https://www.haodf.com/doctor/DE4rO-XCoLUoQ74wWkcw-2p57V.htm,254
北京,东城,北京中医医院,https://www.haodf.com/doctor/DE4rO-XCoLUoHdDNTaJfDy6Cbc.htm,255
北京,东城,北京中医医院,https://www.haodf.com/doctor/DE4rO-XCoLUoy5tgRinOCoXXJe.htm,256
北京,东城,北京中医医院,https://www.haodf.com/doctor/DE4r0Fy0C9LuwXCooLVWujSkLd-scFHPW.htm,257
北京,东城,北京中医医院,https://www.haodf.com/doctor/DE4r0BCkuHzdeGpYin2bpNCqpa7rv.htm,258
北京,东城,北京中医医院,https://www.haodf.com/doctor/DE4r0BCkuHzduTWTmJFQBvLvytk8z.htm,259
北京,东城,北京鼓楼医院,https://www.haodf.com/doctor/DE4r0BCkuHzduTIycBJtvC5s9enjZ.htm,260
北京,东城,北京鼓楼医院,https://www.haodf.com/doctor/DE4rO-XCoLUIk9BJ1t4xLBGs4w.htm,261
北京,东城,北京鼓楼医院,https://www.haodf.com/doctor/DE4rO-XCoLUIzdFLPQrVFGoqUr.htm,262
北京,东城,北京鼓楼医院,https://www.haodf.com/doctor/DE4r0BCkuHzduTIy9PjPGYy9dgccG.htm,263
北京,东城,北京鼓楼医院,https://www.haodf.com/doctor/DE4r0Fy0C9Lugzvy535gK5FhFZqqOoERk.htm,264
北京,东城,北京鼓楼医院,https://www.haodf.com/doctor/DE4r0BCkuHzdeC3EkDmRDydDzVOlL.htm,265
北京,东城,北京鼓楼医院,https://www.haodf.com/doctor/DE4r0Fy0C9LugzFyt8SIKbug66K2nYytQ.htm,266
北京,东城,北京鼓楼医院,https://www.haodf.com/doctor/DE4r0Fy0C9LugkgzVG29aobn52sdVLS0n.htm,267
北京,东城,北京鼓楼医院,https://www.haodf.com/doctor/DE4r0BCkuHzduTIys5SmHsBZYJwWN.htm,268
北京,东城,北京鼓楼医院,https://www.haodf.com/doctor/DE4r0Fy0C9LuGYiqpnLKkvOlXG59tZIW0.htm,269
北京,东城,北京鼓楼医院,https://www.haodf.com/doctor/DE4r0Fy0C9LuhNxoEhq93rDj-p35r6Dll.htm,270
北京,东城,北京鼓楼医院,https://www.haodf.com/doctor/DE4r0BCkuHzduTIy9By8SzvH6fbnp.htm,271
北京,东城,北京鼓楼医院,https://www.haodf.com/doctor/DE4r0BCkuHzduTIyssZaNDNGERReY.htm,272
北京,东城,北京鼓楼医院,https://www.haodf.com/doctor/DE4r0BCkuHzduTIys6K1qIYC2U8VE.htm,273
北京,东城,北京鼓楼医院,https://www.haodf.com/doctor/DE4r0BCkuHzduTIy9sGUIHuKomU0X.htm,274
北京,东城,北京鼓楼医院,https://www.haodf.com/doctor/DE4r0BCkuHzduTIy94xr5q33q1fJD.htm,275
