省份名,城市名,医院名,医院Url
吉林,长春,吉林省中医院,https://www.haodf.com/hospital/DE4rO-XCoLU0iq22m0TUy35vjf.htm
吉林,长春,长春中医院,https://www.haodf.com/hospital/DE4roiYGYZwI-3Bdz13dpO1a1.htm
吉林,长春,长春市双阳区中医院,https://www.haodf.com/hospital/DE4rO-XCoLUmxbnEJefaGY-Fi8.htm
吉林,长春,南关区中医院,https://www.haodf.com/hospital/DE4r0Fy0C9Luh0yr131t4Dnj-p35r6Dll.htm
吉林,长春,榆树市中医院,https://www.haodf.com/hospital/DE4r0Fy0C9LuGMgNi2IUkVmiZLC3b3s8R.htm
吉林,长春,农安中医院,https://www.haodf.com/hospital/DE4r0Fy0C9LuGmxOOzF0PCviZLC3b3s8R.htm
吉林,吉林,吉林市中医院,https://www.haodf.com/hospital/DE4rO-XCoLU0xIYHcTieBvzKOb.htm
吉林,吉林,蛟河中医院,https://www.haodf.com/hospital/DE4rO-XCoLUmCpXWgURjIHBzPQ.htm
吉林,吉林,龙潭中医院,https://www.haodf.com/hospital/DE4r0Fy0C9LuhnksfJcSwp7rGNzFx56fU.htm
吉林,延边,敦化市中医院,https://www.haodf.com/hospital/DE4rO-XCoLUmxbpOljbt3pIpm0.htm
吉林,延边,珲春市中医院,https://www.haodf.com/hospital/DE4r0Fy0C9LuGYiaoJ8CINLPECdSRGpar.htm
吉林,延边,延吉市中医医院,https://www.haodf.com/hospital/DE4r0Fy0C9LuGYKo0GU20yTQH5Fy7BKbP.htm
吉林,通化,集安市中医医院,https://www.haodf.com/hospital/DE4rO-XCoLUmxbOoRinOCoXXJe.htm
吉林,通化,梅河口市中医院,https://www.haodf.com/hospital/DE4r0Fy0C9LuGYGOEiqu6g1OdBHBTXzVa.htm
吉林,通化,辉南县中医院,https://www.haodf.com/hospital/DE4r0Fy0C9LuG0HsstDEgWXxD-uCU22Ut.htm
吉林,四平,四平市中医院,https://www.haodf.com/hospital/DE4rO-XCoLU0xOnNTaJfDy6Cbc.htm
吉林,四平,梨树县中医院,https://www.haodf.com/hospital/DE4rO-XCoLU0xIM-bc1P6dS2aO.htm
吉林,四平,双辽市中医院,https://www.haodf.com/hospital/DE4r0Fy0C9Luw0jbUaLynNlf3o2p0zvkj.htm
吉林,松原,前郭县中医院,https://www.haodf.com/hospital/DE4rO-XCoLUXj3U51t4xLBGs4w.htm
吉林,松原,松原市中医院,https://www.haodf.com/hospital/DE4rO-XCoLUXjUOU0lPR5qqdfm.htm
吉林,松原,长岭中医院,https://www.haodf.com/hospital/DE4rO-XCoLUXH3368JOrYZEIRi.htm
吉林,白城,大安市中医院,https://www.haodf.com/hospital/DE4rO-XCoLU0ConNTaJfDy6Cbc.htm
吉林,白城,洮南市中医院,https://www.haodf.com/hospital/DE4rO-XCoLU0xmzwWkcw-2p57V.htm
吉林,白城,白城中医院,https://www.haodf.com/hospital/DE4r0Fy0C9Luw0xmLeJBt-PTs3BGmMGOc.htm
吉林,白城,镇赉县中医院,https://www.haodf.com/hospital/DE4r0Fy0C9LuwXJOnNZ1MiBf3o2p0zvkj.htm
吉林,白山,抚松县中医院,https://www.haodf.com/hospital/DE4rO-XCoLUXH314tx00uSYNw1.htm
吉林,辽源,辽源市中医院,https://www.haodf.com/hospital/DE4rO-XCoLU0xI0Q4wkiNDMHtx.htm
吉林,辽源,东丰县中医院,https://www.haodf.com/hospital/DE4r0Fy0C9Luw0-2bNi6tfoRNvXH4DNxe.htm
湖北,武汉,湖北省中医院,https://www.haodf.com/hospital/DE4rO-XCoLU0GYHVx47TZMZ31t.htm
湖北,武汉,武汉中医院,https://www.haodf.com/hospital/DE4roiYGYZwm-2c2dcByMhc7g.htm
湖北,武汉,湖北省中医院光谷院区,https://www.haodf.com/hospital/DE4rO-XCoLU0GYQvi88QpNK6eR.htm
湖北,武汉,新洲区中医院,https://www.haodf.com/hospital/DE4rO-XCoLUmCamlfmw7E-sSlj.htm
湖北,武汉,黄陂区中医医院,https://www.haodf.com/hospital/DE4r0Fy0C9LuZ0JOmztzo27rGNzFx56fU.htm
湖北,武汉,蔡甸区中医院,https://www.haodf.com/hospital/DE4r0Fy0C9Luw0iaaz6jUo1OdBHBTXzVa.htm
湖北,武汉,武汉市江夏区中医院,https://www.haodf.com/hospital/DE4r0Fy0C9LuwXK2okVW8hBf3o2p0zvkj.htm
湖北,十堰,郧西县中医院,https://www.haodf.com/hospital/DE4r0Fy0C9Luhnksf-sTfXXxD-uCU22Ut.htm
湖北,十堰,十堰市中医院,https://www.haodf.com/hospital/DE4roiYGYZwmjp9quPKsNiPfO.htm
湖北,十堰,竹溪县中医院,https://www.haodf.com/hospital/DE4rO-XCoLUmJ154tx00uSYNw1.htm
湖北,十堰,丹江口市中医院,https://www.haodf.com/hospital/DE4r0Fy0C9Luhnksf-sTfllf3o2p0zvkj.htm
湖北,十堰,竹山县中医院,https://www.haodf.com/hospital/DE4r0Fy0C9Luhnksf-sTfMMV2YMZWydg7.htm
湖北,十堰,神农架林区中医院,https://www.haodf.com/hospital/DE4r0Fy0C9LuwXhaYi2411ewBFNKaEMw4.htm
湖北,十堰,郧阳区中医医院,https://www.haodf.com/hospital/DE4r0Fy0C9LuGl-pOHdyoUrbvK9uwpomO.htm
湖北,荆州,公安县中医院,https://www.haodf.com/hospital/DE4rO-XCoLUmxOEWgURjIHBzPQ.htm
湖北,荆州,荆州市中医院,https://www.haodf.com/hospital/DE4roiYGYZwmyqtsGQuzElQch.htm
湖北,荆州,仙桃中医院,https://www.haodf.com/hospital/DE4rO-XCoLUXCqUU0lPR5qqdfm.htm
湖北,荆州,洪湖市中医医院,https://www.haodf.com/hospital/DE4r0Fy0C9LuGlKEzdfnGp4tMuLDQvLT1.htm
湖北,荆州,石首市中医医院,https://www.haodf.com/hospital/DE4r0Fy0C9LuGMiEkvJfTIakLd-scFHPW.htm
湖北,荆州,监利县中医院,https://www.haodf.com/hospital/DE4r0Fy0C9LuwXJrb2nESU51SHSYhq37w.htm
湖北,宜昌,宜昌中医院,https://www.haodf.com/hospital/DE4roiYGYZwEhobML76GGU71e.htm
湖北,宜昌,秭归县中医医院,https://www.haodf.com/hospital/DE4rO-XCoLUmCoXlfmw7E-sSlj.htm
湖北,宜昌,当阳市中医医院,https://www.haodf.com/hospital/DE4r0Fy0C9Luhnksf-sTDlNTs3BGmMGOc.htm
湖北,宜昌,兴山县中医医院,https://www.haodf.com/hospital/DE4r0Fy0C9Luhnksf-sTvlMV2YMZWydg7.htm
湖北,宜昌,宜都市中医医院,https://www.haodf.com/hospital/DE4r0Fy0C9LuwXCINCq4q3FhFZqqOoERk.htm
湖北,宜昌,长阳县中医院,https://www.haodf.com/hospital/DE4r0Fy0C9Luwmy2pILyalMV2YMZWydg7.htm
湖北,黄冈,黄梅县中医医院,https://www.haodf.com/hospital/DE4rO-XCoLUXHq251t4xLBGs4w.htm
湖北,黄冈,黄冈市中医医院,https://www.haodf.com/hospital/DE4rO-XCoLUXKUaXx47TZMZ31t.htm
湖北,黄冈,英山县妇幼保健院,https://www.haodf.com/hospital/DE4r0Fy0C9Luhnksf-sDV0NTs3BGmMGOc.htm
湖北,黄冈,罗田县万密斋医院,https://www.haodf.com/hospital/DE4r0Fy0C9Luw0Cp0J1eDHCOdBHBTXzVa.htm
湖北,黄冈,红安县中医院,https://www.haodf.com/hospital/DE4r0Fy0C9LuwMSMSWh3OIoRNvXH4DNxe.htm
湖北,黄冈,浠水县中医院,https://www.haodf.com/hospital/DE4r0Fy0C9LuwXH74BFaSnU0pMy6P-9em.htm
湖北,襄阳,襄阳市中医院,https://www.haodf.com/hospital/DE4roiYGYZwmJo5IqlG3HelVn.htm
湖北,襄阳,谷城中医医院,https://www.haodf.com/hospital/DE4r0Fy0C9LuGRgW-qUsmRztMuLDQvLT1.htm
湖北,襄阳,保康县中医院,https://www.haodf.com/hospital/DE4r0Fy0C9Luwmjss6FWuiewBFNKaEMw4.htm
湖北,襄阳,南漳县中医院,https://www.haodf.com/hospital/DE4r0Fy0C9LuGEHs9egcXLQ4z9ZEju-cx.htm
湖北,襄阳,枣阳市中医院,https://www.haodf.com/hospital/DE4r0Fy0C9LuhnksfJ2cUbBf3o2p0zvkj.htm
湖北,孝感,孝感中医院,https://www.haodf.com/hospital/DE4rO-XCoLU0GERG0lPR5qqdfm.htm
湖北,孝感,汉川市中医院,https://www.haodf.com/hospital/DE4r0Fy0C9LuwmC12aNzpbtPECdSRGpar.htm
湖北,孝感,应城市中医医院,https://www.haodf.com/hospital/DE4r0Fy0C9Luw0CnlhOoxswWIyvz8Kq1V.htm
湖北,孝感,云梦县中医院,https://www.haodf.com/hospital/DE4r0Fy0C9LuGMiXWFjVZp3UuDINgIYJg.htm
湖北,孝感,孝昌县中医医院,https://www.haodf.com/hospital/DE4r0Fy0C9LuhlwY-s6Ckh7rGNzFx56fU.htm
湖北,恩施,利川民族中医院,https://www.haodf.com/hospital/DE4r0Fy0C9LuwLSzgytClCFhFZqqOoERk.htm
湖北,恩施,建始县中医院,https://www.haodf.com/hospital/DE4r0Fy0C9LuwNCo0gmXvXYwBFNKaEMw4.htm
湖北,恩施,咸丰县中医医院,https://www.haodf.com/hospital/DE4r0Fy0C9LuGXy2bXMy0NztMuLDQvLT1.htm
湖北,咸宁,咸宁市中医院,https://www.haodf.com/hospital/DE4rO-XCoLU0GEjDjfh42XHZ0l.htm
湖北,咸宁,赤壁市中医医院,https://www.haodf.com/hospital/DE4r0Fy0C9LuGXxamj6iWjfJKXY-1sBh8.htm
湖北,荆门,钟祥市中医院,https://www.haodf.com/hospital/DE4rO-XCoLUXiqq1ObWl99uMTa.htm
湖北,荆门,京山县中医院,https://www.haodf.com/hospital/DE4r0Fy0C9LuGE-574uQoUs7CIoXi9Fjh.htm
湖北,黄石,大冶市中医医院,https://www.haodf.com/hospital/DE4rO-XCoLUmxO0MVWVmvC3uh7.htm
湖北,黄石,鄂东医疗集团市中医医院,https://www.haodf.com/hospital/DE4rO-XCoLUXjpaoRinOCoXXJe.htm
湖北,黄石,阳新县中医院,https://www.haodf.com/hospital/DE4r0Fy0C9LuGl-onH8-n0lf3o2p0zvkj.htm
湖北,随州,随县中医医院,https://www.haodf.com/hospital/DE4r0Fy0C9Luhnksf-sTSmIQH5Fy7BKbP.htm
湖北,随州,随州中医院,https://www.haodf.com/hospital/DE4rO-XCoLU0GXyVx47TZMZ31t.htm
湖北,鄂州,鄂州市中医院,https://www.haodf.com/hospital/DE4r0Fy0C9LuhnksfJcSG1tPECdSRGpar.htm
湖北,潜江,潜江市中医院,https://www.haodf.com/hospital/DE4r0Fy0C9Luhnksf-sTfNNTs3BGmMGOc.htm
湖北,天门,天门中医院,https://www.haodf.com/hospital/DE4rO-XCoLUXCqaakhlkqINLVW.htm
湖南,长沙,湖南省中医附一医院,https://www.haodf.com/hospital/DE4roiYGYZwny7Fvoi5u5tiO7.htm
湖南,长沙,湖南省中医院,https://www.haodf.com/hospital/DE4roiYGYZwny3PBM4FM2b44i.htm
湖南,长沙,湖南省中医药研究院附属医院,https://www.haodf.com/hospital/DE4roiYGYZwnyruuYe-Bqregr.htm
湖南,长沙,宁乡市中医医院,https://www.haodf.com/hospital/DE4r0Fy0C9LuGMSlZYjBdKdeozGolC54J.htm
湖南,郴州,郴州市中医院,https://www.haodf.com/hospital/DE4rO-XCoLU0hnLhm0TUy35vjf.htm
湖南,郴州,永兴县中医院,https://www.haodf.com/hospital/DE4rO-XCoLUmCoomi88QpNK6eR.htm
湖南,郴州,宜章中医院,https://www.haodf.com/hospital/DE4rO-XCoLUXH1U51t4xLBGs4w.htm
湖南,郴州,桂阳县中医院,https://www.haodf.com/hospital/DE4rO-XCoLUmKpEWgURjIHBzPQ.htm
湖南,郴州,临武县中医院,https://www.haodf.com/hospital/DE4rO-XCoLUmx2anjfh42XHZ0l.htm
湖南,郴州,汝城中医院,https://www.haodf.com/hospital/DE4rO-XCoLUXHq7tPQrVFGoqUr.htm
湖南,郴州,安仁中医院,https://www.haodf.com/hospital/DE4rO-XCoLUXHq1ccTieBvzKOb.htm
湖南,郴州,嘉禾县中医医院,https://www.haodf.com/hospital/DE4r0Fy0C9LuGMSlZlw7amIQH5Fy7BKbP.htm
湖南,郴州,桂东县中医院,https://www.haodf.com/hospital/DE4r0Fy0C9LuhM-oai3SSmoRNvXH4DNxe.htm
湖南,郴州,资兴市中医医院,https://www.haodf.com/hospital/DE4r0Fy0C9LuhnksfJcgSn2mqEELeHuif.htm
湖南,衡阳,衡阳市中医医院,https://www.haodf.com/hospital/DE4rO-XCoLU0hnRKnnx8s59Gnn.htm
湖南,衡阳,耒阳市中医院,https://www.haodf.com/hospital/DE4rO-XCoLUmx2UOljbt3pIpm0.htm
湖南,衡阳,祁东县中医院,https://www.haodf.com/hospital/DE4rO-XCoLUmCOYMVWVmvC3uh7.htm
湖南,衡阳,常宁市中医医院,https://www.haodf.com/hospital/DE4r0Fy0C9LuGYJbomjVwIpWIyvz8Kq1V.htm
湖南,常德,常德市第一中医院,https://www.haodf.com/hospital/DE4rO-XCoLU0hEMKnnx8s59Gnn.htm
湖南,常德,澧县中医院,https://www.haodf.com/hospital/DE4rO-XCoLUXHqqs7Vg1MFyDkh.htm
湖南,常德,安乡县中医院,https://www.haodf.com/hospital/DE4rO-XCoLUmConYw1mnSzFYx4.htm
湖南,常德,临澧县中医医院,https://www.haodf.com/hospital/DE4r0Fy0C9LuGXj2qEkJmRQ4z9ZEju-cx.htm
湖南,岳阳,岳阳市中医医院,https://www.haodf.com/hospital/DE4rO-XCoLU0hpYztx00uSYNw1.htm
湖南,岳阳,汨罗市中医院,https://www.haodf.com/hospital/DE4rO-XCoLUXCUpakhlkqINLVW.htm
湖南,岳阳,岳阳县中医院,https://www.haodf.com/hospital/DE4r0Fy0C9LuGlwmz9uY9VoRNvXH4DNxe.htm
湖南,岳阳,云溪区中医院,https://www.haodf.com/hospital/DE4r0Fy0C9LuGYKELTySydJ1SHSYhq37w.htm
湖南,永州,新田县中医院,https://www.haodf.com/hospital/DE4rO-XCoLUmKpnYw1mnSzFYx4.htm
湖南,永州,永州市第二中医院,https://www.haodf.com/hospital/DE4rO-XCoLUXC2oIQgjgKEL-rP.htm
湖南,永州,永州市中医院,https://www.haodf.com/hospital/DE4r0Fy0C9Luw0GXRVyFSYNTs3BGmMGOc.htm
湖南,永州,东安县中医院,https://www.haodf.com/hospital/DE4r0Fy0C9LuG0jrq3bsq1PTs3BGmMGOc.htm
湖南,永州,道县中医院,https://www.haodf.com/hospital/DE4r0Fy0C9LuwXy1533436iUuDINgIYJg.htm
湖南,永州,双牌县中医医院,https://www.haodf.com/hospital/DE4r0Fy0C9LuGXQ7t8h5IEmiZLC3b3s8R.htm
湖南,永州,零陵区中医医院,https://www.haodf.com/hospital/DE4r0Fy0C9Luhl-ENwn0VYMV2YMZWydg7.htm
湖南,永州,祁阳县中医院,https://www.haodf.com/hospital/DE4r0Fy0C9LuhnksfJcggbccyq6vJdZnb.htm
湖南,邵阳,邵东县中医院,https://www.haodf.com/hospital/DE4rO-XCoLU0hoYHcTieBvzKOb.htm
湖南,邵阳,邵阳市中医院,https://www.haodf.com/hospital/DE4rO-XCoLU0homk8JOrYZEIRi.htm
湖南,邵阳,邵阳正骨医院,https://www.haodf.com/hospital/DE4rO-XCoLU0hOR-bc1P6dS2aO.htm
湖南,邵阳,洞口县中医院,https://www.haodf.com/hospital/DE4rO-XCoLUXH15tPQrVFGoqUr.htm
湖南,邵阳,隆回县中医医院,https://www.haodf.com/hospital/DE4r0Fy0C9LuwXj1qb2sIYYwBFNKaEMw4.htm
湖南,邵阳,绥宁县中医医院,https://www.haodf.com/hospital/DE4r0Fy0C9Luhnksf-sDGnU0pMy6P-9em.htm
湖南,邵阳,新宁县中医院,https://www.haodf.com/hospital/DE4r0Fy0C9LuhnksfJcSCb8V2YMZWydg7.htm
湖南,株洲,湖南省直中医医院,https://www.haodf.com/hospital/DE4roiYGYZwnH1uuYe-Bqregr.htm
湖南,株洲,醴陵市中医院,https://www.haodf.com/hospital/DE4rO-XCoLUmxbmXx47TZMZ31t.htm
湖南,株洲,株洲市中医伤科医院,https://www.haodf.com/hospital/DE4rO-XCoLUXxaNHcTieBvzKOb.htm
湖南,株洲,茶陵县中医院,https://www.haodf.com/hospital/DE4rO-XCoLUX-3rccTieBvzKOb.htm
湖南,株洲,炎陵县中医院,https://www.haodf.com/hospital/DE4rO-XCoLUXH3q94wkiNDMHtx.htm
湖南,株洲,攸县中医院,https://www.haodf.com/hospital/DE4r0Fy0C9LuGWi2mjBiXlztMuLDQvLT1.htm
湖南,娄底,冷水江市中医院,https://www.haodf.com/hospital/DE4rO-XCoLUmCbnnjfh42XHZ0l.htm
湖南,娄底,涟源市中医院,https://www.haodf.com/hospital/DE4rO-XCoLUmCOmWgURjIHBzPQ.htm
湖南,娄底,娄底市中医院,https://www.haodf.com/hospital/DE4rO-XCoLU0hIRxaOQhHsdycT.htm
湖南,娄底,新化县中医院,https://www.haodf.com/hospital/DE4rO-XCoLUXH134tx00uSYNw1.htm
湖南,娄底,双峰县中医院,https://www.haodf.com/hospital/DE4rO-XCoLUXH1194wkiNDMHtx.htm
湖南,怀化,怀化中医院,https://www.haodf.com/hospital/DE4rO-XCoLU0hIzG0lPR5qqdfm.htm
湖南,怀化,辰溪县中医院,https://www.haodf.com/hospital/DE4r0Fy0C9LuGRSWwalxNifJKXY-1sBh8.htm
湖南,怀化,麻阳县中医医院,https://www.haodf.com/hospital/DE4r0Fy0C9LuGWiOEH8HUn2mqEELeHuif.htm
湖南,怀化,新晃县中医医院,https://www.haodf.com/hospital/DE4r0Fy0C9LuwXyqU0Hfwb68YSpIkSXQi.htm
湖南,怀化,洪江区中医院,https://www.haodf.com/hospital/DE4r0Fy0C9LuGXj74tPMsu0hFZqqOoERk.htm
湖南,怀化,洪江市第一中医医院,https://www.haodf.com/hospital/DE4r0Fy0C9LuhNJoOWTpLVIQH5Fy7BKbP.htm
湖南,湘潭,湘潭市中医院,https://www.haodf.com/hospital/DE4rO-XCoLU0hpMyrPeWduCBgU.htm
湖南,湘潭,湘乡市中医院,https://www.haodf.com/hospital/DE4r0Fy0C9LuGRhNxUnmh24tMuLDQvLT1.htm
湖南,湘潭,湘潭县中医院,https://www.haodf.com/hospital/DE4r0Fy0C9LuwXhmMuQTCUdeozGolC54J.htm
湖南,益阳,益阳市中西医结合医院,https://www.haodf.com/hospital/DE4rO-XCoLU0hpWQ4wkiNDMHtx.htm
湖南,益阳,南县中医院,https://www.haodf.com/hospital/DE4rO-XCoLUXH32s7Vg1MFyDkh.htm
湖南,益阳,桃江县中医院,https://www.haodf.com/hospital/DE4rO-XCoLUXH3bccTieBvzKOb.htm
湖南,益阳,安化县中医院,https://www.haodf.com/hospital/DE4r0Fy0C9LuGlKakuyuVJgRNvXH4DNxe.htm
湖南,湘西,湘西民族中医院,https://www.haodf.com/hospital/DE4rO-XCoLUXCq22m0TUy35vjf.htm
湖南,湘西,永顺县中医院,https://www.haodf.com/hospital/DE4r0Fy0C9LuhnksfJcgGb68YSpIkSXQi.htm
湖南,张家界,张家界市中医院,https://www.haodf.com/hospital/DE4rO-XCoLU0hp0k8JOrYZEIRi.htm
湖南,张家界,桑植县民族中医院,https://www.haodf.com/hospital/DE4rO-XCoLUmKpI0h7UcoLDoWk.htm
湖南,张家界,慈利县中医院,https://www.haodf.com/hospital/DE4r0Fy0C9LuGXQ196ukrtJ1SHSYhq37w.htm
